Nama,Umur,Pendapatan perbulan,Tujuan Investasi,Selera Investasi
Titus,< 25 Tahun,Rp 5 - 10 Juta,5 - 10 Tahun,Tinggi
Jerom,< 25 Tahun,< Rp 5 Juta,> 10 Tahun,Rendah
Andrew,25 - 50 Tahun,< Rp 5 Juta,> 10 Tahun,Rendah
Angel,< 25 Tahun,< Rp 5 Juta,5 - 10 Tahun,Rendah
Kevin,< 25 Tahun,> Rp 10 Juta,5 - 10 Tahun,Tinggi
Adrian,< 25 Tahun,< Rp 5 Juta,< 5 Tahun,Rendah
Vino,> 50 Tahun,< Rp 5 Juta,< 5 Tahun,Rendah
Dika,25 - 50 Tahun,Rp 5 - 10 Juta,< 5 Tahun,Tinggi
Regi,25 - 50 Tahun,> Rp 10 Juta,< 5 Tahun,Tinggi
Irfan,< 25 Tahun,< Rp 5 Juta,< 5 Tahun,Sedang
Beno,25 - 50 Tahun,> Rp 10 Juta,> 10 Tahun,Tinggi
Angga,25 - 50 Tahun,Rp 5 - 10 Juta,> 10 Tahun,Sedang
Radit,25 - 50 Tahun,Rp 5 - 10 Juta,5 - 10 Tahun,Sedang
Gio,25 - 50 Tahun,> Rp 10 Juta,> 10 Tahun,Rendah
Samuel,< 25 Tahun,< Rp 5 Juta,> 10 Tahun,Sedang
Wilson,25 - 50 Tahun,> Rp 10 Juta,> 10 Tahun,Rendah
Aron,25 - 50 Tahun,> Rp 10 Juta,> 10 Tahun,Tinggi
Herman,< 25 Tahun,< Rp 5 Juta,5 - 10 Tahun,Tinggi
Siska,< 25 Tahun,< Rp 5 Juta,5 - 10 Tahun,Sedang
Lydia,> 50 Tahun,< Rp 5 Juta,< 5 Tahun,Rendah
Jordan,< 25 Tahun,< Rp 5 Juta,> 10 Tahun,Sedang
Maikel,< 25 Tahun,< Rp 5 Juta,> 10 Tahun,Tinggi
Shakila Hasanah,< 25 Tahun,< Rp 5 Juta,< 5 Tahun,Sedang
Fitria Wastuti,< 25 Tahun,< Rp 5 Juta,< 5 Tahun,Rendah
Alika Rahmawati,< 25 Tahun,< Rp 5 Juta,< 5 Tahun,Tinggi
Septi Hastuti,< 25 Tahun,< Rp 5 Juta,5 - 10 Tahun,Rendah
Marsudi Ramadan,< 25 Tahun,< Rp 5 Juta,5 - 10 Tahun,Sedang
Padmi Kuswandari,< 25 Tahun,< Rp 5 Juta,5 - 10 Tahun,Tinggi
Jessica Prastuti,< 25 Tahun,< Rp 5 Juta,> 10 Tahun,Rendah
Raisa Pertiwi,< 25 Tahun,< Rp 5 Juta,> 10 Tahun,Sedang
Fitria Winarsih,< 25 Tahun,< Rp 5 Juta,> 10 Tahun,Tinggi
Daliono Kusumo,< 25 Tahun,Rp 5 - 10 Juta,< 5 Tahun,Rendah
Hesti Wulandari,< 25 Tahun,Rp 5 - 10 Juta,< 5 Tahun,Sedang
Bahuraksa Irawan,< 25 Tahun,Rp 5 - 10 Juta,< 5 Tahun,Tinggi
Pangeran Waluyo,< 25 Tahun,Rp 5 - 10 Juta,< 5 Tahun,Tinggi
Violet Kuswandari,< 25 Tahun,Rp 5 - 10 Juta,5 - 10 Tahun,Rendah
Karimah Laksita,< 25 Tahun,Rp 5 - 10 Juta,5 - 10 Tahun,Sedang
Capa Tarihoran,< 25 Tahun,Rp 5 - 10 Juta,5 - 10 Tahun,Sedang
Kardi Thamrin,< 25 Tahun,Rp 5 - 10 Juta,5 - 10 Tahun,Tinggi
Mariadi Budiman,< 25 Tahun,Rp 5 - 10 Juta,> 10 Tahun,Rendah
Hilda Lestari,< 25 Tahun,Rp 5 - 10 Juta,> 10 Tahun,Sedang
Intan Halimah,< 25 Tahun,Rp 5 - 10 Juta,> 10 Tahun,Rendah
Rahmi Padmasari,< 25 Tahun,Rp 5 - 10 Juta,> 10 Tahun,Sedang
Darmaji Santoso,< 25 Tahun,Rp 5 - 10 Juta,> 10 Tahun,Tinggi
Rini Maryati,< 25 Tahun,> Rp 10 Juta,< 5 Tahun,Rendah
Adiarja Mandala,< 25 Tahun,> Rp 10 Juta,< 5 Tahun,Sedang
Lutfan Mustofa,< 25 Tahun,> Rp 10 Juta,< 5 Tahun,Tinggi
Lutfan Mustofa,< 25 Tahun,> Rp 10 Juta,5 - 10 Tahun,Rendah
Cinta Agustina,< 25 Tahun,> Rp 10 Juta,5 - 10 Tahun,Sedang
Nasrullah Januar,< 25 Tahun,> Rp 10 Juta,5 - 10 Tahun,Sedang
Elma Utami,< 25 Tahun,> Rp 10 Juta,5 - 10 Tahun,Sedang
Jail Zulkarnain,< 25 Tahun,> Rp 10 Juta,5 - 10 Tahun,Tinggi
Pia Zulaika,< 25 Tahun,> Rp 10 Juta,> 10 Tahun,Rendah
Oliva Nasyidah,< 25 Tahun,> Rp 10 Juta,> 10 Tahun,Sedang
Paramita Aryani,< 25 Tahun,> Rp 10 Juta,> 10 Tahun,Tinggi
Raisa Nasyiah,25 - 50 Tahun,< Rp 5 Juta,< 5 Tahun,Rendah
Olga Kuswoyo,25 - 50 Tahun,< Rp 5 Juta,< 5 Tahun,Sedang
Harsana Nashiruddin,25 - 50 Tahun,< Rp 5 Juta,< 5 Tahun,Tinggi
Dewi Wulandari,25 - 50 Tahun,< Rp 5 Juta,5 - 10 Tahun,Rendah
Nadia Rahayu,25 - 50 Tahun,< Rp 5 Juta,5 - 10 Tahun,Sedang
Titi Fujiati,25 - 50 Tahun,< Rp 5 Juta,5 - 10 Tahun,Tinggi
Hari Prayoga,25 - 50 Tahun,< Rp 5 Juta,> 10 Tahun,Rendah
Cinthia Suryatmi,25 - 50 Tahun,< Rp 5 Juta,> 10 Tahun,Sedang
Rahmi Laksita,25 - 50 Tahun,< Rp 5 Juta,> 10 Tahun,Tinggi
Raina Mardhiyah,25 - 50 Tahun,Rp 5 - 10 Juta,< 5 Tahun,Rendah
Darimin Kusumo,25 - 50 Tahun,Rp 5 - 10 Juta,< 5 Tahun,Sedang
Tina Prastuti,25 - 50 Tahun,Rp 5 - 10 Juta,< 5 Tahun,Tinggi
Yuni Sudiati,25 - 50 Tahun,Rp 5 - 10 Juta,5 - 10 Tahun,Rendah
Eka Widodo,25 - 50 Tahun,Rp 5 - 10 Juta,5 - 10 Tahun,Sedang
Lidya Pratiwi,25 - 50 Tahun,Rp 5 - 10 Juta,5 - 10 Tahun,Tinggi
Mariadi Wasita,25 - 50 Tahun,> Rp 10 Juta,< 5 Tahun,Rendah
Aris Situmorang,25 - 50 Tahun,> Rp 10 Juta,< 5 Tahun,Sedang
Dwi Dongoran,25 - 50 Tahun,> Rp 10 Juta,< 5 Tahun,Sedang
Maryadi Irawan,25 - 50 Tahun,> Rp 10 Juta,< 5 Tahun,Tinggi
Adhiarja Pratama,25 - 50 Tahun,> Rp 10 Juta,5 - 10 Tahun,Rendah
Darmana Haryanto,25 - 50 Tahun,> Rp 10 Juta,5 - 10 Tahun,Rendah
Shania Usamah,25 - 50 Tahun,> Rp 10 Juta,5 - 10 Tahun,Sedang
Hafshah Hastuti,25 - 50 Tahun,> Rp 10 Juta,5 - 10 Tahun,Tinggi
Kenzie Pangestu,25 - 50 Tahun,> Rp 10 Juta,> 10 Tahun,Rendah
Makuta Siregar,25 - 50 Tahun,> Rp 10 Juta,> 10 Tahun,Sedang
Ida Hartati,25 - 50 Tahun,> Rp 10 Juta,> 10 Tahun,Sedang
Abyasa Jailani,25 - 50 Tahun,> Rp 10 Juta,> 10 Tahun,Tinggi
Abyasa Jailani,> 50 Tahun,< Rp 5 Juta,< 5 Tahun,Rendah
Tiara Zulaika,> 50 Tahun,< Rp 5 Juta,5 - 10 Tahun,Rendah
Jamil Wijaya,> 50 Tahun,< Rp 5 Juta,> 10 Tahun,Rendah
Tedi Sihombing,> 50 Tahun,< Rp 5 Juta,< 5 Tahun,Sedang
Eka Wijayanti,> 50 Tahun,< Rp 5 Juta,< 5 Tahun,Tinggi
Nasrullah Firmansyah,> 50 Tahun,< Rp 5 Juta,5 - 10 Tahun,Sedang
Garda Suwarno,> 50 Tahun,< Rp 5 Juta,5 - 10 Tahun,Tinggi
Rachel Widiastuti,> 50 Tahun,< Rp 5 Juta,> 10 Tahun,Rendah
Ella Usada,> 50 Tahun,< Rp 5 Juta,> 10 Tahun,Sedang
Carla Nuraini,> 50 Tahun,< Rp 5 Juta,> 10 Tahun,Tinggi
Zelda Laksmiwati,> 50 Tahun,< Rp 5 Juta,< 5 Tahun,Sedang
Laksana Damanik,> 50 Tahun,< Rp 5 Juta,< 5 Tahun,Tinggi
Hani Astuti,> 50 Tahun,Rp 5 - 10 Juta,< 5 Tahun,Rendah
Yuni Lestari,> 50 Tahun,Rp 5 - 10 Juta,< 5 Tahun,Sedang
Carub Haryanto,> 50 Tahun,Rp 5 - 10 Juta,< 5 Tahun,Tinggi
Setya Hutasoit,> 50 Tahun,Rp 5 - 10 Juta,5 - 10 Tahun,Rendah
Usyi Suryatmi,> 50 Tahun,Rp 5 - 10 Juta,5 - 10 Tahun,Sedang
Capa Maheswara,> 50 Tahun,Rp 5 - 10 Juta,5 - 10 Tahun,Tinggi
Luis Rajasa,> 50 Tahun,Rp 5 - 10 Juta,> 10 Tahun,Rendah
Lanang Widodo,> 50 Tahun,Rp 5 - 10 Juta,> 10 Tahun,Sedang
Elisa Wahyuni,> 50 Tahun,Rp 5 - 10 Juta,> 10 Tahun,Tinggi
Eluh Saragih,> 50 Tahun,> Rp 10 Juta,< 5 Tahun,Rendah
Vanya Winarsih,> 50 Tahun,> Rp 10 Juta,< 5 Tahun,Sedang
Adiarja Putra,> 50 Tahun,> Rp 10 Juta,< 5 Tahun,Tinggi
Genta Prastuti,> 50 Tahun,> Rp 10 Juta,5 - 10 Tahun,Rendah
Lidya Yulianti,> 50 Tahun,> Rp 10 Juta,5 - 10 Tahun,Sedang
Kiandra Nurdiyanti,> 50 Tahun,> Rp 10 Juta,5 - 10 Tahun,Tinggi
Raditya Damanik,> 50 Tahun,> Rp 10 Juta,> 10 Tahun,Rendah
Salsabila Handayani,> 50 Tahun,> Rp 10 Juta,> 10 Tahun,Sedang
Kanda Uwais,> 50 Tahun,> Rp 10 Juta,> 10 Tahun,Tinggi